{
  "0": [
    90.11058044433594,
    90.38461303710938,
    90.38461303710938,
    90.41826629638672,
    90.47115325927734,
    90.66826629638672,
    90.88941955566406,
    90.71634674072266,
    90.88461303710938,
    90.88461303710938,
    91.03845977783203,
    91.1875,
    91.27884674072266,
    91.28365325927734,
    91.33173370361328,
    91.25480651855469,
    91.34615325927734,
    91.39904022216797,
    91.46154022216797,
    91.41826629638672,
    91.25480651855469,
    91.42308044433594,
    91.53365325927734,
    91.57691955566406,
    91.63461303710938,
    91.44230651855469,
    91.4375,
    91.51441955566406,
    91.53365325927734,
    91.51923370361328,
    91.03365325927734,
    91.42308044433594,
    91.33654022216797,
    91.37019348144531,
    91.48558044433594,
    91.02404022216797,
    91.5,
    91.43269348144531,
    91.5,
    91.55769348144531,
    91.16345977783203,
    91.50480651855469,
    91.56730651855469,
    91.62019348144531,
    91.58173370361328,
    91.36538696289062,
    91.4375,
    91.5625,
    91.51923370361328,
    91.5625,
    91.37019348144531,
    91.49519348144531,
    91.54808044433594,
    91.56730651855469,
    91.64904022216797,
    91.375,
    91.53845977783203,
    91.52404022216797,
    91.56730651855469,
    91.63941955566406,
    91.37019348144531,
    91.50480651855469,
    91.49519348144531,
    91.53845977783203,
    91.57211303710938,
    91.30769348144531,
    91.34615325927734,
    91.43269348144531,
    91.48558044433594,
    91.50961303710938,
    91.33654022216797,
    91.53365325927734,
    91.53845977783203,
    91.64423370361328,
    91.64423370361328,
    91.48558044433594,
    91.54808044433594,
    91.51923370361328,
    91.55288696289062,
    91.62980651855469,
    91.12019348144531,
    91.39904022216797,
    91.51923370361328,
    91.65384674072266,
    91.61058044433594,
    91.26441955566406,
    91.45673370361328,
    91.53845977783203,
    91.55769348144531,
    91.61058044433594,
    91.26923370361328,
    91.47115325927734,
    91.48558044433594,
    91.58173370361328,
    91.56730651855469,
    91.33654022216797,
    91.49038696289062,
    91.49038696289062,
    91.5,
    91.55769348144531
  ],
  "1": [
    90.14423370361328,
    90.48558044433594,
    90.47115325927734,
    90.48558044433594,
    90.47595977783203,
    90.48558044433594,
    90.89423370361328,
    90.80288696289062,
    90.94230651855469,
    91.00480651855469,
    90.76441955566406,
    91.1875,
    91.31730651855469,
    91.36058044433594,
    91.34615325927734,
    91.19230651855469,
    91.30288696289062,
    91.29808044433594,
    91.50480651855469,
    91.38461303710938,
    91.11058044433594,
    91.3125,
    91.34615325927734,
    91.38461303710938,
    91.46154022216797,
    91.25961303710938,
    91.375,
    91.4375,
    91.54326629638672,
    91.61058044433594,
    91.12019348144531,
    91.23558044433594,
    91.50961303710938,
    91.53845977783203,
    91.50480651855469,
    91.28365325927734,
    91.37980651855469,
    91.53365325927734,
    91.5625,
    91.57691955566406,
    91.30288696289062,
    91.42788696289062,
    91.48558044433594,
    91.48558044433594,
    91.58173370361328,
    91.41345977783203,
    91.52404022216797,
    91.62019348144531,
    91.72595977783203,
    91.74038696289062,
    91.40865325927734,
    91.50961303710938,
    91.59615325927734,
    91.62980651855469,
    91.69711303710938,
    91.27884674072266,
    91.5,
    91.52884674072266,
    91.62980651855469,
    91.68269348144531,
    91.375,
    91.41826629638672,
    91.50480651855469,
    91.63461303710938,
    91.67788696289062,
    91.23076629638672,
    91.4375,
    91.44711303710938,
    91.54808044433594,
    91.57211303710938,
    91.38941955566406,
    91.64423370361328,
    91.64423370361328,
    91.67308044433594,
    91.64423370361328,
    91.42308044433594,
    91.5,
    91.625,
    91.625,
    91.64423370361328,
    91.42308044433594,
    91.48558044433594,
    91.53845977783203,
    91.6875,
    91.71634674072266,
    91.125,
    91.48558044433594,
    91.67308044433594,
    91.73076629638672,
    91.76441955566406,
    91.57211303710938,
    91.64423370361328,
    91.73558044433594,
    91.63941955566406,
    91.61538696289062,
    91.43269348144531,
    91.57691955566406,
    91.64904022216797,
    91.69711303710938,
    91.77404022216797
  ],
  "2": [
    90.00480651855469,
    90.09615325927734,
    90.16826629638672,
    90.19230651855469,
    90.26923370361328,
    90.60095977783203,
    90.61058044433594,
    90.78845977783203,
    90.75961303710938,
    90.80769348144531,
    90.94711303710938,
    91.10576629638672,
    91.26441955566406,
    91.24519348144531,
    91.28845977783203,
    90.82211303710938,
    91.06730651855469,
    91.18269348144531,
    91.32211303710938,
    91.39904022216797,
    91.04808044433594,
    91.27404022216797,
    91.39423370361328,
    91.42308044433594,
    91.51441955566406,
    91.03365325927734,
    91.22115325927734,
    91.28845977783203,
    91.40384674072266,
    91.40384674072266,
    90.88941955566406,
    91.18269348144531,
    91.29808044433594,
    91.31730651855469,
    91.48076629638672,
    91.25,
    91.33173370361328,
    91.49038696289062,
    91.49519348144531,
    91.52404022216797,
    91.03365325927734,
    91.24038696289062,
    91.42308044433594,
    91.58654022216797,
    91.62019348144531,
    91.20673370361328,
    91.40865325927734,
    91.50480651855469,
    91.58173370361328,
    91.64904022216797,
    91.23076629638672,
    91.375,
    91.50961303710938,
    91.62019348144531,
    91.60095977783203,
    91.23076629638672,
    91.30769348144531,
    91.48558044433594,
    91.53845977783203,
    91.56730651855469,
    91.16345977783203,
    91.45191955566406,
    91.43269348144531,
    91.54326629638672,
    91.55288696289062,
    91.11058044433594,
    91.37019348144531,
    91.49038696289062,
    91.60095977783203,
    91.61538696289062,
    91.20673370361328,
    91.52884674072266,
    91.52404022216797,
    91.6875,
    91.67308044433594,
    91.25,
    91.32211303710938,
    91.41345977783203,
    91.48558044433594,
    91.52884674072266,
    91.26441955566406,
    91.48558044433594,
    91.51923370361328,
    91.59615325927734,
    91.62019348144531,
    91.25,
    91.47115325927734,
    91.45673370361328,
    91.50961303710938,
    91.50480651855469,
    91.36058044433594,
    91.54326629638672,
    91.61058044433594,
    91.63941955566406,
    91.64904022216797,
    91.34615325927734,
    91.43269348144531,
    91.54808044433594,
    91.51441955566406,
    91.53845977783203
  ],