{
  "0": [
    89.98558044433594,
    90.38461303710938,
    90.35576629638672,
    90.3125,
    90.35095977783203,
    91.03365325927734,
    91.12980651855469,
    91.125,
    91.18269348144531,
    91.21154022216797,
    91.00961303710938,
    91.09615325927734,
    91.05769348144531,
    91.13941955566406,
    91.09615325927734,
    90.83173370361328,
    91.23076629638672,
    91.20191955566406,
    91.32691955566406,
    91.39904022216797,
    91.16345977783203,
    91.39904022216797,
    91.45673370361328,
    91.50961303710938,
    91.58654022216797,
    91.1875,
    91.32691955566406,
    91.47115325927734,
    91.51923370361328,
    91.39904022216797,
    91.38941955566406,
    91.48558044433594,
    91.45673370361328,
    91.52884674072266,
    91.57691955566406,
    91.22595977783203,
    91.46154022216797,
    91.59134674072266,
    91.57211303710938,
    91.70673370361328,
    91.13941955566406,
    91.29326629638672,
    91.36058044433594,
    91.37019348144531,
    91.375,
    91.13941955566406,
    91.32211303710938,
    91.33173370361328,
    91.32691955566406,
    91.26923370361328,
    91.17308044433594,
    91.40865325927734,
    91.47115325927734,
    91.59615325927734,
    91.65384674072266,
    91.00480651855469,
    91.19711303710938,
    91.26923370361328,
    91.29808044433594,
    91.34615325927734,
    91.33173370361328,
    91.44711303710938,
    91.55769348144531,
    91.53845977783203,
    91.63941955566406,
    91.31730651855469,
    91.4375,
    91.51923370361328,
    91.55288696289062,
    91.57691955566406,
    91.36538696289062,
    91.54808044433594,
    91.54808044433594,
    91.63941955566406,
    91.59134674072266,
    91.27404022216797,
    91.34134674072266,
    91.53365325927734,
    91.47115325927734,
    91.63461303710938,
    91.20191955566406,
    91.39904022216797,
    91.40384674072266,
    91.50961303710938,
    91.53365325927734,
    91.20191955566406,
    91.33173370361328,
    91.39904022216797,
    91.42788696289062,
    91.48076629638672,
    91.41345977783203,
    91.44711303710938,
    91.51441955566406,
    91.60095977783203,
    91.57211303710938,
    91.33654022216797,
    91.38941955566406,
    91.51441955566406,
    91.60576629638672,
    91.48558044433594
  ],
  "1": [
    90.04326629638672,
    90.41826629638672,
    90.44711303710938,
    90.41345977783203,
    90.38461303710938,
    90.90865325927734,
    90.97595977783203,
    91.08654022216797,
    91.19711303710938,
    91.22115325927734,
    91.01441955566406,
    91.17308044433594,
    91.26441955566406,
    91.21154022216797,
    91.29326629638672,
    91.03845977783203,
    91.24519348144531,
    91.27884674072266,
    91.41345977783203,
    91.41826629638672,
    91.15384674072266,
    91.35576629638672,
    91.35095977783203,
    91.47595977783203,
    91.62019348144531,
    91.13461303710938,
    91.28845977783203,
    91.36058044433594,
    91.42788696289062,
    91.5,
    91.25,
    91.45191955566406,
    91.48076629638672,
    91.49519348144531,
    91.57691955566406,
    91.375,
    91.5625,
    91.57691955566406,
    91.67308044433594,
    91.69230651855469,
    91.40384674072266,
    91.43269348144531,
    91.57691955566406,
    91.61058044433594,
    91.70673370361328,
    91.17788696289062,
    91.29326629638672,
    91.34615325927734,
    91.4375,
    91.42788696289062,
    91.40865325927734,
    91.55288696289062,
    91.625,
    91.60095977783203,
    91.58654022216797,
    91.13941955566406,
    91.46154022216797,
    91.55288696289062,
    91.61058044433594,
    91.60095977783203,
    91.28365325927734,
    91.49038696289062,
    91.55769348144531,
    91.72595977783203,
    91.75,
    91.29326629638672,
    91.49038696289062,
    91.60576629638672,
    91.63941955566406,
    91.60576629638672,
    91.29326629638672,
    91.38941955566406,
    91.46634674072266,
    91.41345977783203,
    91.44711303710938,
    91.28845977783203,
    91.26923370361328,
    91.35576629638672,
    91.47115325927734,
    91.47595977783203,
    91.25,
    91.43269348144531,
    91.45673370361328,
    91.40384674072266,
    91.47115325927734,
    91.49519348144531,
    91.58654022216797,
    91.59615325927734,
    91.62980651855469,
    91.69230651855469,
    91.32211303710938,
    91.54808044433594,
    91.625,
    91.69230651855469,
    91.67788696289062,
    91.41345977783203,
    91.58654022216797,
    91.61538696289062,
    91.55769348144531,
    91.64423370361328
  ],
  "2": [
    89.97115325927734,
    90.17788696289062,
    90.23558044433594,
    90.29808044433594,
    90.20191955566406,
    90.73558044433594,
    90.9375,
    91.07691955566406,
    91.09134674072266,
    91.0625,
    91.07691955566406,
    91.09615325927734,
    91.1875,
    91.27884674072266,
    91.37019348144531,
    90.98558044433594,
    91.11058044433594,
    91.21634674072266,
    91.28365325927734,
    91.30288696289062,
    91.0625,
    91.19230651855469,
    91.29326629638672,
    91.4375,
    91.44711303710938,
    91.00961303710938,
    91.20191955566406,
    91.31730651855469,
    91.32211303710938,
    91.42308044433594,
    90.98558044433594,
    91.15865325927734,
    91.32691955566406,
    91.43269348144531,
    91.47115325927734,
    91.08654022216797,
    91.23558044433594,
    91.36058044433594,
    91.40865325927734,
    91.41345977783203,
    90.88941955566406,
    91.33654022216797,
    91.41826629638672,
    91.47595977783203,
    91.47595977783203,
    90.77404022216797,
    91.15384674072266,
    91.36058044433594,
    91.43269348144531,
    91.48076629638672,
    91.14423370361328,
    91.34615325927734,
    91.45191955566406,
    91.48558044433594,
    91.55288696289062,
    91.18269348144531,
    91.26923370361328,
    91.40865325927734,
    91.42788696289062,
    91.51923370361328,
    91.07211303710938,
    91.31730651855469,
    91.41826629638672,
    91.51923370361328,
    91.54808044433594,
    91.23076629638672,
    91.38941955566406,
    91.52884674072266,
    91.52884674072266,
    91.5,
    91.125,
    91.33654022216797,
    91.43269348144531,
    91.45191955566406,
    91.41826629638672,
    91.15865325927734,
    91.29808044433594,
    91.44711303710938,
    91.51923370361328,
    91.53365325927734,
    91.26441955566406,
    91.37019348144531,
    91.46154022216797,
    91.55769348144531,
    91.54808044433594,
    91.10576629638672,
    91.36538696289062,
    91.41826629638672,
    91.54326629638672,
    91.63461303710938,
    91.21154022216797,
    91.35576629638672,
    91.48558044433594,
    91.53845977783203,
    91.58654022216797,
    91.21154022216797,
    91.43269348144531,
    91.58654022216797,
    91.65865325927734,
    91.64904022216797
  ],