{
  "0": [
    90.09134674072266,
    90.35576629638672,
    90.46634674072266,
    90.41826629638672,
    90.45673370361328,
    91.01923370361328,
    91.19711303710938,
    91.21634674072266,
    91.21634674072266,
    91.26923370361328,
    91.12019348144531,
    91.20191955566406,
    91.24519348144531,
    91.30288696289062,
    91.21154022216797,
    91.30769348144531,
    91.38941955566406,
    91.39904022216797,
    91.375,
    91.35576629638672,
    91.16345977783203,
    91.28365325927734,
    91.30769348144531,
    91.30288696289062,
    91.37019348144531,
    91.10576629638672,
    91.32691955566406,
    91.39423370361328,
    91.44711303710938,
    91.46634674072266,
    91.05288696289062,
    91.36538696289062,
    91.375,
    91.39423370361328,
    91.42788696289062,
    91.21634674072266,
    91.33173370361328,
    91.40865325927734,
    91.42788696289062,
    91.49519348144531,
    91.38461303710938,
    91.47595977783203,
    91.5625,
    91.58654022216797,
    91.62980651855469,
    91.33654022216797,
    91.4375,
    91.4375,
    91.47115325927734,
    91.48076629638672,
    91.33173370361328,
    91.41826629638672,
    91.50480651855469,
    91.52404022216797,
    91.62980651855469,
    91.24038696289062,
    91.45673370361328,
    91.5625,
    91.60576629638672,
    91.625,
    91.26441955566406,
    91.44230651855469,
    91.50480651855469,
    91.52884674072266,
    91.59615325927734,
    91.36538696289062,
    91.47115325927734,
    91.46634674072266,
    91.52884674072266,
    91.5625,
    91.10576629638672,
    91.28365325927734,
    91.25,
    91.36538696289062,
    91.27404022216797,
    91.07211303710938,
    91.26441955566406,
    91.34134674072266,
    91.39904022216797,
    91.375,
    91.36538696289062,
    91.54326629638672,
    91.60576629638672,
    91.58173370361328,
    91.61058044433594,
    91.44711303710938,
    91.46634674072266,
    91.5,
    91.64423370361328,
    91.57691955566406,
    91.32211303710938,
    91.48558044433594,
    91.56730651855469,
    91.57211303710938,
    91.64904022216797,
    91.20673370361328,
    91.41345977783203,
    91.53365325927734,
    91.59134674072266,
    91.62019348144531
  ],
  "1": [
    90.10095977783203,
    90.38461303710938,
    90.47115325927734,
    90.48076629638672,
    90.49519348144531,
    90.75,
    91.12019348144531,
    91.08173370361328,
    91.11538696289062,
    91.10576629638672,
    90.81730651855469,
    91.04808044433594,
    91.15384674072266,
    91.1875,
    91.16345977783203,
    91.11538696289062,
    91.25480651855469,
    91.33654022216797,
    91.33654022216797,
    91.375,
    90.95673370361328,
    91.25480651855469,
    91.22115325927734,
    91.32691955566406,
    91.38941955566406,
    91.05769348144531,
    91.25,
    91.34134674072266,
    91.30769348144531,
    91.33173370361328,
    91.07211303710938,
    91.26441955566406,
    91.41345977783203,
    91.34134674072266,
    91.4375,
    91.15384674072266,
    91.37019348144531,
    91.50480651855469,
    91.625,
    91.69230651855469,
    91.42308044433594,
    91.55288696289062,
    91.52884674072266,
    91.65384674072266,
    91.68269348144531,
    91.08173370361328,
    91.33173370361328,
    91.41345977783203,
    91.48076629638672,
    91.54326629638672,
    91.19230651855469,
    91.46154022216797,
    91.59134674072266,
    91.59134674072266,
    91.62980651855469,
    91.26441955566406,
    91.39423370361328,
    91.44711303710938,
    91.49519348144531,
    91.55769348144531,
    91.30769348144531,
    91.34134674072266,
    91.44711303710938,
    91.54808044433594,
    91.54808044433594,
    91.36538696289062,
    91.42308044433594,
    91.51923370361328,
    91.54326629638672,
    91.57211303710938,
    91.35576629638672,
    91.5,
    91.54326629638672,
    91.60576629638672,
    91.67308044433594,
    91.35095977783203,
    91.41826629638672,
    91.5625,
    91.67308044433594,
    91.57691955566406,
    91.25480651855469,
    91.46154022216797,
    91.63461303710938,
    91.65384674072266,
    91.73076629638672,
    91.33654022216797,
    91.49519348144531,
    91.59615325927734,
    91.65865325927734,
    91.64423370361328,
    91.26923370361328,
    91.49519348144531,
    91.60576629638672,
    91.60095977783203,
    91.67788696289062,
    91.36058044433594,
    91.56730651855469,
    91.62019348144531,
    91.70191955566406,
    91.71634674072266
  ],
  "2": [
    89.95673370361328,
    90.07211303710938,
    90.14904022216797,
    90.19711303710938,
    90.21154022216797,
    90.58654022216797,
    90.77404022216797,
    90.96634674072266,
    90.97115325927734,
    90.96634674072266,
    90.71634674072266,
    91.02884674072266,
    91.20191955566406,
    91.24038696289062,
    91.23076629638672,
    90.95673370361328,
    91.17308044433594,
    91.24519348144531,
    91.375,
    91.41345977783203,
    91.05288696289062,
    91.24038696289062,
    91.3125,
    91.34615325927734,
    91.39423370361328,
    90.88461303710938,
    91.16345977783203,
    91.29808044433594,
    91.31730651855469,
    91.42308044433594,
    90.86058044433594,
    91.09134674072266,
    91.33654022216797,
    91.40384674072266,
    91.35095977783203,
    91.14904022216797,
    91.39904022216797,
    91.40865325927734,
    91.47115325927734,
    91.54326629638672,
    91.17788696289062,
    91.32211303710938,
    91.375,
    91.57211303710938,
    91.58173370361328,
    91.18269348144531,
    91.37019348144531,
    91.51923370361328,
    91.5,
    91.56730651855469,
    90.95673370361328,
    91.16345977783203,
    91.32211303710938,
    91.41345977783203,
    91.37019348144531,
    91.25961303710938,
    91.34134674072266,
    91.37019348144531,
    91.4375,
    91.51441955566406,
    90.92308044433594,
    91.17308044433594,
    91.37980651855469,
    91.43269348144531,
    91.45673370361328,
    91.32691955566406,
    91.47115325927734,
    91.57211303710938,
    91.56730651855469,
    91.63461303710938,
    91.23076629638672,
    91.375,
    91.48558044433594,
    91.53365325927734,
    91.50961303710938,
    91.22595977783203,
    91.35095977783203,
    91.45191955566406,
    91.48558044433594,
    91.48076629638672,
    91.34134674072266,
    91.36538696289062,
    91.51441955566406,
    91.51923370361328,
    91.5625,
    91.37980651855469,
    91.47595977783203,
    91.63941955566406,
    91.52404022216797,
    91.61058044433594,
    91.3125,
    91.36058044433594,
    91.42308044433594,
    91.49519348144531,
    91.55288696289062,
    91.30288696289062,
    91.49519348144531,
    91.49519348144531,
    91.60576629638672,
    91.55769348144531
  ],