{
  "0": [
    89.91826629638672,
    90.26441955566406,
    90.27884674072266,
    90.26441955566406,
    90.27404022216797,
    90.77884674072266,
    91.08173370361328,
    91.0625,
    91.12980651855469,
    91.12019348144531,
    90.9375,
    91.26441955566406,
    91.26923370361328,
    91.25961303710938,
    91.34615325927734,
    91.22115325927734,
    91.36538696289062,
    91.39423370361328,
    91.46634674072266,
    91.54326629638672,
    91.21154022216797,
    91.41345977783203,
    91.47595977783203,
    91.4375,
    91.49038696289062,
    91.03365325927734,
    91.36538696289062,
    91.44711303710938,
    91.45673370361328,
    91.58654022216797,
    91.10576629638672,
    91.375,
    91.35095977783203,
    91.45673370361328,
    91.41345977783203,
    91.28365325927734,
    91.32211303710938,
    91.40865325927734,
    91.40865325927734,
    91.42308044433594,
    91.19711303710938,
    91.36538696289062,
    91.43269348144531,
    91.49519348144531,
    91.5625,
    91.22595977783203,
    91.3125,
    91.39904022216797,
    91.44711303710938,
    91.45191955566406,
    91.37019348144531,
    91.48558044433594,
    91.50480651855469,
    91.52884674072266,
    91.53845977783203,
    91.07691955566406,
    91.32211303710938,
    91.41345977783203,
    91.51441955566406,
    91.51441955566406,
    91.15384674072266,
    91.34615325927734,
    91.37980651855469,
    91.39423370361328,
    91.40384674072266,
    91.12980651855469,
    91.27884674072266,
    91.31730651855469,
    91.37019348144531,
    91.36058044433594,
    91.375,
    91.41345977783203,
    91.5,
    91.54326629638672,
    91.52884674072266,
    91.26441955566406,
    91.40384674072266,
    91.48076629638672,
    91.50480651855469,
    91.54808044433594,
    91.02884674072266,
    91.24519348144531,
    91.34615325927734,
    91.41826629638672,
    91.41826629638672,
    91.30769348144531,
    91.26441955566406,
    91.4375,
    91.39423370361328,
    91.49519348144531,
    91.19230651855469,
    91.33654022216797,
    91.38941955566406,
    91.42308044433594,
    91.50961303710938,
    91.34134674072266,
    91.34134674072266,
    91.48076629638672,
    91.58173370361328,
    91.50480651855469
  ],
  "1": [
    90.07211303710938,
    90.33173370361328,
    90.40384674072266,
    90.36058044433594,
    90.36058044433594,
    90.57691955566406,
    90.75961303710938,
    90.96154022216797,
    90.99038696289062,
    91.03365325927734,
    91.13941955566406,
    91.26923370361328,
    91.26923370361328,
    91.23076629638672,
    91.23076629638672,
    90.94711303710938,
    91.17788696289062,
    91.36058044433594,
    91.45191955566406,
    91.50480651855469,
    90.96634674072266,
    91.22115325927734,
    91.21634674072266,
    91.38461303710938,
    91.44230651855469,
    91.03365325927734,
    91.3125,
    91.43269348144531,
    91.44230651855469,
    91.39423370361328,
    91.14423370361328,
    91.3125,
    91.42788696289062,
    91.39904022216797,
    91.47115325927734,
    91.20191955566406,
    91.5625,
    91.60576629638672,
    91.64423370361328,
    91.63461303710938,
    91.28845977783203,
    91.60095977783203,
    91.62980651855469,
    91.68269348144531,
    91.74038696289062,
    91.41826629638672,
    91.51923370361328,
    91.61538696289062,
    91.60095977783203,
    91.65865325927734,
    91.40865325927734,
    91.61058044433594,
    91.62019348144531,
    91.62980651855469,
    91.65384674072266,
    91.34615325927734,
    91.49519348144531,
    91.65384674072266,
    91.64423370361328,
    91.73076629638672,
    91.31730651855469,
    91.45191955566406,
    91.53845977783203,
    91.59615325927734,
    91.54326629638672,
    91.32211303710938,
    91.45673370361328,
    91.58173370361328,
    91.625,
    91.67308044433594,
    91.49038696289062,
    91.59134674072266,
    91.67788696289062,
    91.72115325927734,
    91.71154022216797,
    91.46634674072266,
    91.54326629638672,
    91.66826629638672,
    91.70673370361328,
    91.71634674072266,
    91.4375,
    91.50480651855469,
    91.65865325927734,
    91.67308044433594,
    91.71634674072266,
    91.39904022216797,
    91.50480651855469,
    91.60095977783203,
    91.61058044433594,
    91.57211303710938,
    91.42308044433594,
    91.50480651855469,
    91.61058044433594,
    91.64904022216797,
    91.66345977783203,
    91.36058044433594,
    91.45673370361328,
    91.51441955566406,
    91.54326629638672,
    91.50480651855469
  ],
  "2": [
    89.97115325927734,
    90.13941955566406,
    90.22115325927734,
    90.26441955566406,
    90.3125,
    90.62019348144531,
    90.84615325927734,
    90.875,
    90.93269348144531,
    91.02404022216797,
    90.625,
    90.93269348144531,
    90.93269348144531,
    90.99038696289062,
    91.04326629638672,
    90.88461303710938,
    91.06730651855469,
    91.15865325927734,
    91.22115325927734,
    91.23076629638672,
    90.88941955566406,
    91.09134674072266,
    91.16345977783203,
    91.20673370361328,
    91.30769348144531,
    91.13941955566406,
    91.375,
    91.40384674072266,
    91.5,
    91.47115325927734,
    90.88941955566406,
    91.15865325927734,
    91.23076629638672,
    91.25480651855469,
    91.34134674072266,
    91.17788696289062,
    91.30288696289062,
    91.38461303710938,
    91.44711303710938,
    91.45191955566406,
    91.05769348144531,
    91.29326629638672,
    91.40865325927734,
    91.45673370361328,
    91.59615325927734,
    91.23076629638672,
    91.29808044433594,
    91.36058044433594,
    91.45191955566406,
    91.48076629638672,
    91.25480651855469,
    91.40865325927734,
    91.60095977783203,
    91.57211303710938,
    91.65384674072266,
    91.26923370361328,
    91.35576629638672,
    91.46634674072266,
    91.43269348144531,
    91.47595977783203,
    91.16345977783203,
    91.31730651855469,
    91.37019348144531,
    91.51923370361328,
    91.53365325927734,
    91.17308044433594,
    91.3125,
    91.51923370361328,
    91.55769348144531,
    91.57211303710938,
    91.17788696289062,
    91.33173370361328,
    91.50961303710938,
    91.49519348144531,
    91.53365325927734,
    91.25961303710938,
    91.31730651855469,
    91.43269348144531,
    91.48076629638672,
    91.51441955566406,
    91.10095977783203,
    91.33173370361328,
    91.51441955566406,
    91.52404022216797,
    91.59615325927734,
    91.34615325927734,
    91.46634674072266,
    91.53845977783203,
    91.54808044433594,
    91.65865325927734,
    91.24519348144531,
    91.31730651855469,
    91.39904022216797,
    91.38941955566406,
    91.42308044433594,
    91.28365325927734,
    91.32211303710938,
    91.49038696289062,
    91.54326629638672,
    91.58173370361328
  ],